INCOME,HAS_CHILDREN,LENGTH_OF_RESIDENCE,MARITAL_STATUS,HOME_MARKET_VALUE,HOME_OWNER,COLLEGE_DEGREE
108882,Yes,6,Single,394190,Owner,No
74387,Yes,4,Married,162876,Owner,No
119206,No,8,Single,399678,Renter,Yes
201555,No,8,Married,594525,Renter,No
70228,Yes,4,Married,314283,Owner,Yes
70229,No,14,Single,191498,Owner,No
208465,Yes,7,Single,792397,Owner,Yes
128086,No,4,Married,495594,Owner,No
60980,No,2,Married,168400,Owner,Yes
111919,No,9,Married,335077,Renter,No
61202,No,10,Married,231725,Renter,No
61118,No,5,Single,171696,Owner,No
93449,Yes,8,Divorced,332195,Owner,No
25643,No,19,Married,150000,Renter,No
28711,Yes,13,Single,150000,Renter,No
57677,No,1,Divorced,150000,Owner,No
44015,No,4,Divorced,165386,Owner,Yes
97591,No,7,Married,313490,Owner,No
46872,No,8,Widowed,150000,Owner,No
34634,No,8,Married,156012,Owner,Yes
194733,No,10,Married,740237,Owner,Yes
70582,No,7,Married,233409,Owner,No
84163,Yes,7,Single,277540,Owner,Yes
34377,Yes,13,Married,150000,Owner,No
58300,Yes,9,Married,150000,Owner,Yes
86383,Yes,3,Married,313498,Renter,No
40514,No,8,Single,169393,Renter,No
101257,Yes,7,Divorced,388411,Owner,No
56365,No,1,Married,150000,Owner,No
67845,Yes,8,Divorced,199389,Renter,No
56329,Yes,3,Divorced,153238,Owner,No
245577,No,14,Single,864513,Owner,Yes
80169,No,10,Married,304628,Owner,Yes
42846,No,3,Single,224796,Owner,Yes
132392,No,13,Divorced,438623,Owner,No
38851,No,17,Single,150000,Renter,Yes
91612,Yes,6,Married,378125,Owner,Yes
24939,No,6,Single,150000,Owner,No
36427,No,12,Single,190877,Renter,No
90954,No,16,Single,332775,Owner,No
125879,Yes,2,Married,382720,Owner,Yes
89574,No,3,Married,246852,Owner,Yes
75403,Yes,5,Single,186334,Owner,No
67463,Yes,6,Divorced,269223,Owner,Yes
33285,Yes,12,Married,175927,Owner,No
52475,No,16,Widowed,276130,Owner,No
61305,No,17,Married,256722,Renter,No
152401,No,2,Single,591545,Owner,Yes
99326,No,4,Single,318640,Owner,No
28062,No,5,Single,150000,Owner,No
98169,Yes,4,Divorced,386095,Owner,No
64148,Yes,10,Married,245402,Owner,Yes
53844,No,10,Divorced,193826,Renter,Yes
116658,Yes,7,Married,427671,Owner,Yes
150031,No,7,Single,541267,Owner,No
141318,No,5,Single,558803,Renter,No
48848,No,6,Single,235717,Owner,Yes
67135,No,19,Married,262183,Owner,No
98593,No,11,Divorced,387365,Renter,Yes
145121,No,6,Married,533626,Renter,No
60626,No,7,Married,189132,Renter,No
72301,No,10,Single,290881,Owner,Yes
41614,Yes,3,Married,150000,Owner,No
39429,No,8,Divorced,190696,Renter,Yes
131599,No,11,Married,400870,Owner,No
182361,Yes,10,Married,652553,Owner,No
77404,No,4,Divorced,228656,Renter,No
147579,No,4,Single,544195,Owner,Yes
100406,No,1,Married,349724,Renter,No
54881,Yes,12,Single,150000,Owner,Yes
100391,No,25,Single,372403,Owner,No
203378,No,3,Single,682926,Owner,Yes
79102,Yes,15,Married,320914,Renter,No
206650,Yes,23,Single,723341,Owner,No
16783,No,5,Single,150000,Owner,No
132341,Yes,7,Single,415315,Renter,No
85154,No,9,Married,268572,Renter,Yes
67548,No,10,Divorced,213486,Renter,Yes
85396,Yes,9,Single,341721,Owner,No
24525,No,5,Single,169706,Owner,Yes
70841,No,11,Married,207684,Renter,Yes
100134,No,5,Divorced,404311,Owner,No
196169,Yes,9,Single,578107,Owner,No
59221,No,7,Married,150000,Owner,Yes
49756,Yes,2,Married,150000,Renter,Yes
59811,Yes,16,Divorced,150000,Owner,Yes
139978,No,5,Married,410743,Renter,No
98444,Yes,17,Widowed,365203,Owner,No
58814,No,14,Single,195145,Owner,No
109969,Yes,8,Single,403861,Owner,No
85669,No,10,Married,334365,Owner,Yes
144521,Yes,11,Married,519104,Owner,No
53038,No,6,Divorced,218521,Owner,No
66396,No,6,Married,228909,Owner,Yes
63878,Yes,11,Single,164223,Renter,No
33586,Yes,7,Married,170441,Renter,No
96536,Yes,5,Married,308420,Renter,No
94526,No,4,Married,284061,Owner,No
81069,Yes,9,Single,274845,Owner,Yes
70210,No,4,Widowed,200094,Owner,Yes
34571,No,13,Married,150000,Renter,No
62793,Yes,13,Married,236978,Renter,Yes
65799,No,10,Married,247713,Renter,No
49942,No,12,Single,150000,Owner,No
73366,Yes,10,Married,232395,Owner,No
102994,Yes,12,Divorced,414195,Owner,No
250624,Yes,12,Single,902004,Owner,No
89746,No,9,Single,417864,Owner,No
94327,No,14,Married,389150,Renter,No
77290,No,6,Widowed,327729,Owner,Yes
25558,No,4,Married,150000,Owner,Yes
79546,No,4,Married,316604,Owner,Yes
83795,No,6,Single,290627,Renter,Yes
354316,No,1,Single,1212556,Owner,Yes
72011,Yes,8,Married,260439,Renter,Yes
96850,Yes,11,Married,386235,Renter,No
79155,Yes,13,Single,302084,Owner,No
40086,Yes,2,Married,150000,Owner,Yes
160442,No,4,Single,598669,Owner,No
126900,No,12,Single,412270,Owner,No
129912,Yes,6,Married,465526,Renter,Yes
46834,Yes,11,Married,150000,Renter,No
187526,No,3,Married,645397,Owner,No
34852,No,17,Single,160294,Owner,Yes
114934,Yes,2,Single,350259,Owner,No
300821,No,8,Married,1150133,Owner,Yes
44608,Yes,8,Single,150000,Owner,No
57539,Yes,5,Widowed,171503,Owner,Yes
85801,No,10,Married,318814,Owner,No
59749,No,10,Divorced,238337,Renter,No
31875,Yes,9,Married,150000,Owner,No
84215,No,5,Married,291882,Owner,Yes
42728,No,4,Married,170075,Owner,No
107382,No,5,Married,364283,Renter,No
46552,No,4,Married,232591,Owner,No
204835,No,15,Married,758889,Owner,No
50516,No,6,Divorced,220447,Owner,No
66620,No,8,Divorced,184862,Renter,No
131677,Yes,12,Single,456900,Owner,No
38618,Yes,4,Married,150000,Renter,No
92639,Yes,2,Married,273956,Renter,No
177067,No,4,Married,637742,Renter,No
30807,Yes,9,Single,150000,Owner,Yes
90289,No,8,Divorced,348781,Owner,No
94459,No,9,Married,277096,Owner,No
129197,Yes,7,Married,538141,Renter,Yes
38477,No,1,Single,150000,Owner,No
36597,No,6,Married,150000,Owner,No
110543,No,13,Married,426493,Renter,Yes
96586,Yes,16,Single,309518,Owner,No
93929,No,8,Single,371374,Owner,Yes
99495,No,8,Married,286773,Owner,Yes
53743,No,11,Married,260706,Owner,No
92906,No,16,Widowed,325878,Renter,Yes
96359,No,7,Married,307435,Owner,Yes
52648,No,11,Married,169308,Owner,No
247573,No,5,Married,906951,Owner,Yes
107398,No,3,Married,346670,Renter,No
39545,Yes,5,Married,150000,Renter,No
119842,No,18,Single,408370,Owner,Yes
45034,No,11,Married,150000,Owner,Yes
129605,No,3,Married,544644,Owner,No
161968,Yes,11,Single,538568,Renter,No
49394,No,3,Single,214459,Owner,Yes
144065,Yes,9,Divorced,514701,Renter,No
103535,No,4,Divorced,313145,Owner,Yes
132354,Yes,3,Married,462941,Owner,No
252224,No,20,Single,921984,Owner,Yes
69756,No,6,Married,234732,Renter,Yes
51418,Yes,11,Widowed,239618,Owner,Yes
47395,No,7,Single,216958,Renter,No
49538,No,3,Widowed,219328,Owner,No
77167,No,6,Single,247101,Owner,No
99179,No,3,Married,293134,Owner,No
95417,No,29,Single,303280,Renter,Yes
132761,No,12,Widowed,474475,Owner,Yes
81454,No,7,Divorced,312378,Renter,No
193323,No,10,Married,568051,Renter,No
68954,Yes,12,Single,240933,Renter,No
413371,No,12,Married,1454702,Owner,Yes
117641,No,11,Married,397866,Renter,No
48325,No,11,Married,233701,Renter,Yes
42508,No,8,Married,169867,Owner,No
107956,No,19,Single,443355,Owner,Yes
70680,No,8,Married,236581,Owner,No
124045,Yes,7,Single,481031,Owner,Yes
107359,No,8,Married,457509,Owner,No
77365,Yes,9,Married,336362,Owner,No
48626,Yes,2,Married,150000,Owner,No
32568,Yes,4,Married,150000,Owner,No
61826,Yes,7,Married,199132,Owner,No
135109,No,2,Married,497344,Owner,No
91899,Yes,7,Single,355964,Owner,No
38275,No,8,Married,150000,Owner,Yes
89671,Yes,3,Married,317240,Owner,No
101843,Yes,4,Married,255454,Owner,No
47557,Yes,16,Divorced,238546,Owner,Yes
88630,Yes,10,Divorced,284586,Renter,No
83694,No,10,Single,295722,Owner,Yes
40709,No,15,Married,150000,Renter,Yes
100174,No,4,Married,407910,Owner,Yes
113150,No,3,Widowed,254149,Owner,Yes
154790,Yes,14,Married,540934,Owner,No
152098,No,7,Married,527052,Owner,No
35362,No,4,Married,150000,Renter,No
46041,No,2,Married,247454,Owner,No
110086,Yes,8,Married,340934,Owner,Yes
110003,Yes,6,Single,423600,Owner,No
110087,Yes,5,Married,403117,Owner,No
815567,Yes,1,Single,2000000,Renter,No
113838,No,19,Married,365073,Renter,No
159745,No,2,Married,522459,Owner,No
143257,No,6,Divorced,556202,Owner,No
119471,No,5,Married,439414,Owner,No
66892,No,11,Single,156875,Renter,Yes
127437,No,2,Single,419064,Owner,Yes
50833,No,10,Married,197234,Owner,No
70116,Yes,8,Widowed,287294,Renter,No
60402,Yes,4,Married,177445,Owner,No
84891,Yes,10,Divorced,151405,Owner,No
324096,No,7,Married,1160497,Renter,No
26360,No,21,Divorced,150000,Owner,Yes
121997,Yes,6,Married,326122,Owner,No
30710,No,3,Single,150000,Owner,No
60891,Yes,10,Single,253817,Owner,Yes
155339,No,6,Divorced,550117,Owner,No
83999,Yes,7,Divorced,282713,Renter,No
42334,Yes,3,Single,217620,Owner,No
52618,No,11,Divorced,216029,Renter,No
121510,Yes,5,Married,506100,Renter,Yes
52144,Yes,9,Married,150000,Owner,No
92030,Yes,25,Married,320377,Owner,No
83062,No,6,Married,209881,Owner,No
54668,No,12,Married,179868,Renter,Yes
292542,Yes,6,Single,1011466,Renter,No
118225,No,4,Married,445118,Owner,Yes
23978,No,17,Single,150000,Renter,Yes
90388,Yes,1,Married,347528,Owner,No
54335,No,14,Married,225344,Renter,Yes
134788,Yes,1,Single,579504,Owner,No
50236,Yes,13,Single,160061,Owner,Yes
75444,No,7,Single,217002,Renter,No
109424,Yes,3,Single,395288,Owner,Yes
135869,No,5,Married,435427,Owner,Yes
39333,No,11,Single,211763,Owner,Yes
66124,Yes,23,Married,217273,Owner,No
60781,No,2,Married,184454,Owner,No
54611,Yes,4,Married,167572,Renter,Yes
233111,No,2,Married,851809,Owner,No
103052,No,6,Married,352794,Owner,No
37928,No,13,Widowed,150000,Renter,No
140184,No,2,Widowed,573911,Owner,Yes
288743,Yes,7,Married,967792,Owner,No
150163,No,13,Married,527348,Renter,Yes
32479,No,5,Married,150000,Renter,No
60443,No,8,Married,150000,Owner,No
172844,No,16,Divorced,628967,Renter,No
52859,No,3,Married,150000,Owner,Yes
105481,Yes,2,Single,410322,Renter,Yes
128640,Yes,9,Married,402107,Owner,No
46343,No,9,Widowed,196838,Renter,No
77986,No,5,Married,328242,Owner,Yes
11559,No,4,Single,150000,Renter,No
43711,No,7,Married,165554,Renter,Yes
69456,Yes,3,Single,231530,Renter,Yes
38228,Yes,3,Married,150000,Owner,No
215226,No,11,Married,826842,Owner,Yes
34266,Yes,3,Divorced,150000,Owner,Yes
62067,No,2,Divorced,165381,Renter,No
87416,No,4,Divorced,339224,Owner,No
191906,No,5,Single,631864,Renter,Yes
34148,Yes,10,Single,150000,Renter,No
162413,No,5,Married,496265,Owner,No
81319,No,18,Married,260471,Renter,Yes
44850,No,8,Married,152839,Owner,No
106645,Yes,4,Single,385412,Owner,No
91074,No,10,Married,366324,Owner,No
56380,No,17,Married,223674,Owner,No
84278,Yes,11,Single,285429,Renter,No
64139,Yes,2,Single,214576,Owner,Yes
86518,Yes,5,Married,328320,Owner,No
120244,No,9,Married,484482,Renter,No
209318,No,11,Married,738928,Renter,Yes
38457,No,6,Married,150000,Owner,Yes
290634,Yes,6,Married,967575,Renter,Yes
25052,Yes,21,Single,150000,Owner,No
73786,No,11,Single,291564,Owner,No
115034,No,10,Single,431517,Owner,Yes
95663,No,5,Married,363688,Owner,No
55624,Yes,3,Single,188251,Renter,No
71333,No,10,Married,320012,Owner,No
60126,No,12,Married,186235,Renter,Yes
56748,No,7,Single,246381,Owner,No
134559,No,11,Married,469019,Owner,Yes
100128,No,11,Married,320030,Renter,Yes
53329,No,13,Divorced,216278,Renter,No
138657,Yes,2,Married,505781,Owner,Yes
97185,Yes,5,Single,357996,Owner,Yes
131625,No,10,Married,464751,Owner,Yes
117921,No,7,Single,410828,Owner,Yes
49148,Yes,11,Married,291436,Renter,Yes
57750,Yes,10,Married,261337,Renter,No
126547,Yes,1,Single,479055,Owner,Yes
116567,No,15,Married,413574,Renter,Yes
79814,Yes,5,Married,329706,Owner,Yes
86716,Yes,4,Married,329405,Owner,No
173963,Yes,14,Married,610180,Owner,No
56673,Yes,11,Married,183177,Owner,Yes
112224,Yes,16,Married,388738,Owner,No
71588,No,9,Divorced,150000,Owner,No
70925,Yes,5,Married,258767,Owner,Yes
156258,No,8,Single,522479,Owner,Yes
132620,Yes,3,Married,543803,Renter,Yes
131676,No,2,Married,461833,Owner,Yes
176890,No,4,Divorced,559666,Owner,No
81846,No,19,Married,283966,Renter,Yes
121682,No,5,Widowed,373580,Renter,No
67093,Yes,2,Married,258495,Renter,Yes
98174,Yes,6,Single,358156,Owner,Yes
74750,No,5,Single,309516,Owner,No
85664,No,15,Divorced,260279,Owner,No
115507,No,18,Single,405974,Owner,Yes
49467,No,5,Single,150000,Renter,No
283631,No,9,Married,1027783,Owner,Yes
44196,No,9,Married,180629,Owner,Yes
39006,Yes,7,Divorced,161311,Owner,Yes
161921,No,6,Married,566804,Owner,Yes
129962,No,3,Married,475605,Renter,Yes
117532,Yes,1,Single,491578,Owner,Yes
117831,No,3,Married,398153,Owner,No
80229,Yes,7,Widowed,287733,Owner,Yes
47176,No,2,Single,150000,Owner,No
84582,Yes,8,Single,252623,Owner,Yes
53836,No,8,Divorced,193316,Owner,No
145084,No,5,Married,562990,Owner,No
73995,Yes,6,Married,246168,Renter,Yes
49251,No,2,Married,160582,Renter,Yes
66647,No,12,Married,212920,Renter,No
103544,No,12,Single,335666,Renter,No
57628,Yes,3,Divorced,216446,Owner,Yes
49348,Yes,3,Married,150000,Owner,Yes
93546,Yes,3,Married,391457,Owner,No
93618,No,10,Widowed,294391,Renter,Yes
59625,No,9,Married,244782,Renter,No
60923,No,14,Single,150000,Renter,Yes
92895,No,15,Married,358574,Owner,Yes
33899,No,2,Divorced,152243,Renter,No
34735,No,10,Single,150000,Owner,No
52519,Yes,15,Single,150000,Owner,Yes
71106,No,6,Single,261348,Owner,No
97396,Yes,7,Married,281733,Owner,No
195871,No,6,Married,672910,Owner,No
135211,No,7,Divorced,524709,Owner,Yes
73426,No,12,Married,296826,Owner,No
79904,Yes,21,Single,280423,Owner,No
44288,Yes,17,Divorced,150000,Renter,No
79928,Yes,5,Single,312027,Renter,No
67968,Yes,9,Single,238857,Owner,Yes
98089,Yes,4,Single,227295,Renter,No
49200,No,4,Divorced,211331,Renter,No
110371,No,7,Married,385086,Owner,Yes
202732,Yes,4,Married,769684,Owner,No
75715,Yes,5,Married,210238,Owner,Yes
102850,No,8,Single,201139,Owner,No
122282,No,10,Married,441941,Renter,Yes
63530,No,10,Single,236933,Renter,No
92452,No,10,Married,239048,Owner,No
81434,No,3,Single,236094,Renter,No
85699,No,4,Married,437707,Renter,No
50827,No,7,Single,162613,Renter,No
82018,Yes,14,Single,323610,Owner,Yes
108966,No,28,Married,348848,Renter,No
193046,Yes,9,Married,571145,Owner,No
143711,No,12,Single,494475,Owner,No
294168,Yes,2,Single,1016307,Owner,Yes
51000,No,11,Married,158506,Owner,No
136406,No,24,Widowed,471688,Renter,No
90219,No,4,Single,328979,Owner,No
300704,No,5,Widowed,1044958,Owner,Yes
49762,Yes,13,Married,150000,Owner,Yes
48833,Yes,7,Married,195224,Renter,No
56407,No,1,Divorced,150000,Owner,Yes
22599,Yes,5,Single,150000,Renter,No
58956,No,18,Single,243305,Owner,Yes
51252,Yes,6,Married,204733,Owner,No
88453,No,6,Married,306715,Owner,Yes
99215,No,12,Married,277480,Owner,No
249123,No,9,Married,836534,Owner,No
142950,Yes,6,Married,487187,Owner,Yes
57174,No,4,Married,150000,Renter,Yes
47143,No,37,Widowed,150000,Owner,Yes
108570,No,16,Married,412611,Owner,No
36602,No,10,Single,199472,Owner,No
242528,No,10,Divorced,827876,Renter,No
164006,Yes,7,Single,611845,Owner,No
60991,No,9,Married,150000,Owner,No
28915,Yes,6,Single,150000,Renter,No
182102,Yes,4,Single,597159,Owner,Yes
75453,Yes,9,Single,279452,Owner,Yes
169853,Yes,6,Single,582097,Owner,No
31049,Yes,10,Widowed,174692,Owner,No
56408,Yes,11,Single,153706,Owner,Yes
81076,No,10,Married,315146,Owner,No
83132,No,3,Single,276986,Owner,No
61695,No,5,Married,208017,Owner,No
117443,No,6,Divorced,401857,Owner,Yes
42592,Yes,14,Married,150000,Renter,Yes
74203,No,13,Married,259005,Renter,No
86870,No,4,Single,300912,Renter,No
110047,Yes,3,Single,397226,Owner,No
123867,No,29,Married,437759,Owner,Yes
41159,Yes,10,Married,183956,Owner,Yes
32193,No,2,Divorced,158850,Owner,No
173964,No,5,Married,556342,Renter,No
98655,Yes,14,Divorced,388731,Owner,No
51580,Yes,25,Married,150000,Owner,No
204984,No,22,Single,746836,Owner,Yes
86630,No,9,Divorced,334191,Owner,No
163992,Yes,7,Married,478406,Owner,No
84163,No,3,Married,299219,Owner,Yes
278298,Yes,8,Married,950618,Owner,No
231701,No,4,Single,773015,Renter,Yes
69607,No,5,Single,311167,Owner,Yes
144775,Yes,13,Single,474028,Renter,Yes
119041,Yes,6,Married,376324,Renter,Yes
183721,Yes,6,Married,646808,Owner,Yes
45299,Yes,7,Married,192825,Renter,No
121982,Yes,32,Married,419854,Owner,No
152520,No,3,Single,592138,Renter,No
28134,Yes,9,Divorced,150000,Owner,Yes
39737,No,21,Single,150000,Owner,Yes
23776,No,7,Married,150000,Owner,No
68758,No,16,Widowed,212560,Owner,No
124308,No,2,Single,459046,Renter,Yes
199070,Yes,6,Divorced,565504,Owner,No
84495,No,4,Single,423182,Renter,No
214737,No,7,Married,778130,Owner,No
35310,No,7,Married,150000,Renter,No
29084,Yes,7,Single,160872,Owner,Yes
78172,No,13,Married,390784,Owner,No
101766,No,1,Married,399718,Owner,Yes
79251,Yes,4,Single,324819,Renter,No
23377,Yes,8,Single,150000,Owner,Yes
76613,No,1,Single,261069,Owner,No
36949,No,11,Married,150000,Owner,Yes
120789,No,4,Married,381455,Renter,No
100705,No,6,Single,318116,Owner,No
45985,Yes,13,Widowed,150000,Owner,No
59378,No,16,Single,204029,Owner,No
42807,No,11,Divorced,150000,Renter,No
77838,Yes,3,Single,281978,Renter,No
143355,Yes,11,Single,499925,Owner,No
44737,No,11,Married,163926,Owner,No
109363,Yes,10,Single,356663,Owner,No
58796,No,18,Single,359629,Owner,No
50225,Yes,8,Single,243793,Owner,No
75794,Yes,17,Single,203051,Renter,No
43427,Yes,17,Single,163637,Owner,No
57977,No,11,Married,172519,Renter,No
39390,No,9,Single,150000,Owner,No
262717,No,10,Married,852505,Renter,Yes
82549,No,20,Single,310532,Owner,No
53112,Yes,14,Married,151822,Owner,No
91893,No,3,Married,370016,Owner,No
75554,No,9,Married,314128,Owner,No
70786,No,4,Single,316446,Owner,Yes
116832,Yes,4,Married,366292,Renter,No
127325,No,5,Married,469405,Renter,No
58788,Yes,2,Single,237380,Owner,No
57211,Yes,3,Married,176529,Owner,Yes
68526,No,18,Divorced,201252,Owner,No
20309,No,4,Divorced,151557,Owner,No
32561,Yes,13,Single,150000,Owner,Yes
183528,Yes,8,Married,674146,Renter,Yes
216854,No,10,Single,717885,Renter,Yes
69604,No,11,Married,182649,Renter,No
114225,No,3,Married,371315,Owner,Yes
97416,No,13,Married,334754,Renter,Yes
512639,No,3,Divorced,1741025,Renter,No
158220,Yes,4,Married,553277,Owner,Yes
74850,No,11,Single,177549,Owner,Yes
45555,No,3,Single,150000,Renter,No
30826,Yes,1,Single,150000,Owner,No
91315,No,9,Married,349792,Owner,No
51338,Yes,2,Widowed,160089,Owner,No
34428,No,11,Single,150000,Owner,No
54833,No,6,Single,150000,Owner,No
42237,No,9,Married,150000,Renter,Yes
222411,No,9,Single,810664,Renter,Yes
137171,No,12,Married,526510,Owner,No
80435,No,11,Married,256695,Owner,No
196411,No,3,Married,629763,Owner,No
84661,Yes,6,Divorced,309705,Owner,No
48205,No,9,Married,150000,Owner,No
201566,Yes,18,Married,679568,Owner,Yes
111674,No,11,Single,457122,Owner,Yes
43375,No,17,Single,193168,Owner,No
72099,No,9,Married,260245,Owner,No
47792,Yes,15,Single,150000,Owner,No
35253,Yes,9,Married,150000,Owner,Yes
140886,No,14,Married,546233,Renter,No
254142,Yes,6,Married,870715,Owner,No
34921,Yes,19,Divorced,189779,Renter,Yes
113298,Yes,10,Married,461180,Owner,No
54699,No,2,Married,274633,Owner,No
60338,No,9,Married,226445,Renter,Yes
56645,Yes,11,Divorced,227627,Owner,No
48127,Yes,13,Married,239153,Owner,Yes
83209,Yes,23,Married,313601,Owner,No
49090,No,5,Married,150000,Owner,Yes
95061,No,23,Married,310286,Renter,No
78421,Yes,7,Single,286401,Owner,No
70026,Yes,4,Single,180562,Owner,No
46885,Yes,5,Married,156934,Owner,No
57178,No,11,Married,254950,Owner,No
127164,No,4,Married,335511,Renter,No
109157,Yes,6,Married,458773,Renter,No
44957,Yes,9,Married,213468,Owner,No
85784,Yes,19,Single,277255,Owner,No
126859,No,13,Widowed,471176,Renter,No
29683,Yes,7,Widowed,150000,Owner,No
111973,No,10,Divorced,453405,Owner,No
54307,No,8,Single,239208,Owner,No
113818,Yes,3,Single,328359,Owner,Yes
51125,Yes,21,Married,208300,Renter,Yes
27366,Yes,19,Single,150000,Renter,Yes
30438,No,7,Married,150000,Owner,No
83187,No,5,Single,254745,Owner,Yes
94450,No,3,Single,417981,Owner,No
46976,No,11,Married,216419,Owner,No
118557,Yes,11,Married,377960,Owner,Yes
29824,No,4,Divorced,150000,Renter,No
77679,No,9,Married,252592,Owner,Yes
39080,Yes,12,Single,158505,Owner,Yes
54660,No,5,Divorced,203320,Owner,No
83153,No,6,Single,353692,Owner,No
48230,No,6,Single,208300,Owner,No
64168,No,4,Married,273066,Renter,Yes
147823,No,6,Married,533723,Owner,No
57174,No,2,Divorced,150000,Renter,Yes
133441,Yes,6,Single,457258,Owner,Yes
41034,Yes,6,Single,196623,Owner,Yes
111066,No,7,Married,386154,Owner,Yes
191940,Yes,10,Married,696944,Owner,Yes
18343,Yes,3,Widowed,150000,Owner,Yes
50104,No,3,Married,150000,Owner,No
114261,No,4,Single,393746,Renter,Yes
71551,No,2,Married,265880,Renter,Yes
100980,No,11,Single,320645,Owner,Yes
56252,Yes,5,Divorced,185096,Owner,No
85131,Yes,7,Single,250985,Owner,Yes
73614,Yes,4,Married,313611,Owner,No
162863,No,5,Single,555297,Owner,No
94150,No,9,Single,402162,Renter,Yes
98968,Yes,9,Married,422825,Owner,No
63125,No,3,Divorced,216885,Owner,Yes
60321,No,7,Single,160701,Owner,No
62346,No,4,Divorced,150000,Owner,No
102402,No,7,Single,284805,Owner,Yes
62781,Yes,4,Married,151041,Owner,Yes
96169,No,22,Married,405514,Owner,No
280755,No,12,Married,988433,Owner,No
136308,No,9,Divorced,496558,Owner,Yes
66462,No,6,Single,150000,Renter,No
166163,No,13,Single,521672,Owner,No
63269,No,7,Married,265795,Owner,No
23792,Yes,20,Married,150000,Renter,Yes
44141,No,13,Single,150000,Owner,No
26305,No,5,Married,150000,Owner,No
65453,No,19,Married,310875,Owner,Yes
81719,Yes,6,Single,274964,Owner,No
220987,Yes,23,Married,776922,Owner,No
98337,Yes,20,Married,353809,Renter,No
70865,No,9,Married,367632,Renter,Yes
132938,No,2,Married,360315,Owner,No
21446,Yes,8,Widowed,150000,Owner,No
93094,No,3,Married,320088,Owner,No
128350,No,4,Married,477563,Owner,Yes
33284,No,5,Married,150000,Owner,No
160532,No,3,Single,559413,Owner,No
99022,No,8,Married,382147,Renter,Yes
62996,No,4,Single,376131,Owner,No
118145,Yes,6,Married,453909,Owner,No
315658,No,5,Married,1062399,Owner,Yes
90140,No,10,Married,294302,Renter,No
93801,No,10,Single,305632,Renter,No
61352,No,6,Divorced,150000,Owner,Yes
48537,No,10,Married,153374,Owner,Yes
133012,Yes,16,Single,502183,Renter,Yes
48356,No,1,Divorced,150000,Owner,Yes
84367,Yes,5,Married,347708,Renter,No
60682,Yes,3,Single,236775,Owner,Yes
107730,No,4,Married,340343,Owner,No
98735,No,1,Divorced,338496,Owner,No
150621,Yes,1,Single,607089,Renter,Yes
59515,No,5,Divorced,244979,Owner,No
68739,No,5,Single,241025,Renter,No
44924,Yes,17,Married,150000,Owner,No
61909,No,8,Divorced,220511,Owner,Yes
101354,No,10,Married,329150,Owner,Yes
127286,No,55,Married,340263,Owner,No
46476,Yes,21,Single,264774,Owner,No
136184,Yes,7,Single,484410,Owner,No
182295,No,5,Divorced,657939,Renter,No
103576,No,5,Married,359620,Owner,Yes
249216,Yes,9,Single,835500,Renter,No
50803,No,5,Single,168514,Owner,Yes
38300,Yes,3,Married,150000,Renter,Yes
27799,No,5,Married,211150,Owner,No
198317,Yes,9,Married,632383,Owner,Yes
119685,No,11,Married,367299,Owner,No
78170,Yes,22,Widowed,251582,Owner,No
95605,Yes,8,Single,399021,Renter,Yes
41138,Yes,16,Single,150000,Owner,No
350617,Yes,6,Widowed,1165352,Owner,No
87337,No,7,Married,368396,Renter,No
86304,No,7,Single,338614,Owner,Yes
124923,Yes,8,Married,464152,Renter,Yes
107861,No,13,Divorced,413300,Owner,No
92441,No,5,Married,443261,Renter,Yes
50297,No,4,Divorced,285294,Owner,Yes
107246,No,13,Married,341025,Owner,No
249999,Yes,13,Married,956190,Owner,Yes
181181,No,18,Single,653291,Renter,No
210220,No,5,Married,760724,Owner,Yes
59472,Yes,6,Single,150000,Owner,No
44633,No,14,Married,150000,Owner,No
74946,Yes,5,Single,221669,Renter,Yes
83569,No,11,Married,333894,Renter,Yes
155829,Yes,6,Married,598955,Renter,No
29275,No,9,Married,150000,Owner,No
202345,No,3,Married,707105,Owner,No
73511,No,8,Married,313381,Owner,Yes
62559,Yes,16,Married,209622,Renter,Yes
44034,No,12,Married,190572,Owner,No
29944,No,3,Married,150000,Owner,No
132442,No,21,Single,480630,Renter,No
84456,No,15,Divorced,282030,Owner,No
37272,No,3,Married,150000,Owner,No
37158,No,5,Single,150000,Owner,No
66073,Yes,3,Single,266723,Owner,Yes
220006,No,9,Married,770993,Renter,No
69164,No,5,Single,235148,Owner,No
32797,Yes,1,Married,150000,Owner,Yes
69741,Yes,7,Single,228834,Owner,No
68621,Yes,13,Married,292519,Owner,No
16024,No,8,Single,150000,Owner,No
78231,No,10,Single,206755,Owner,No
70364,No,8,Married,283456,Owner,No
122727,No,12,Married,419300,Owner,Yes
245088,No,9,Widowed,859377,Owner,No
158885,Yes,7,Married,636476,Owner,No
68779,Yes,8,Single,239698,Renter,No
41609,No,18,Divorced,160090,Renter,Yes
378516,Yes,11,Single,1265859,Renter,Yes
83744,Yes,3,Single,282120,Owner,No
81499,No,8,Single,315722,Owner,No
79660,No,9,Divorced,201041,Owner,No
91021,No,6,Married,328615,Owner,No
74115,No,1,Married,264442,Owner,No
57285,No,4,Married,202561,Owner,No
58214,No,5,Widowed,255606,Renter,No
79248,No,22,Single,294089,Owner,No
58334,No,10,Married,278072,Owner,No
52695,Yes,2,Divorced,150000,Renter,No
86151,No,7,Single,308324,Owner,Yes
69356,No,17,Married,246969,Renter,No
199265,Yes,5,Single,643964,Renter,Yes
16472,No,14,Married,150000,Renter,No
155578,No,2,Divorced,660756,Owner,Yes
170697,Yes,1,Married,596589,Renter,No
23294,Yes,15,Single,150000,Owner,No
65800,Yes,5,Single,234525,Owner,No
64675,Yes,5,Married,190683,Owner,No
34734,Yes,8,Widowed,150000,Owner,Yes
50681,No,10,Single,150000,Owner,No
41508,Yes,1,Married,150000,Owner,No
231274,No,4,Married,894664,Renter,No
141691,Yes,7,Divorced,490163,Renter,Yes
173326,No,10,Married,589345,Renter,No
124617,Yes,3,Married,480617,Owner,No
41050,No,6,Married,150000,Renter,No
58999,No,5,Married,168153,Owner,No
108404,No,8,Single,382817,Renter,No
38821,Yes,15,Married,187311,Renter,No
123970,No,6,Married,458979,Owner,No
69968,No,2,Married,257304,Renter,No
64544,No,4,Married,229809,Owner,Yes
123818,Yes,21,Divorced,453374,Owner,No
105509,Yes,4,Married,379364,Owner,No
65083,No,3,Widowed,176291,Owner,Yes
162039,No,5,Single,569440,Renter,Yes
42250,No,7,Married,150000,Owner,No
116956,No,5,Divorced,413400,Owner,Yes
115365,No,2,Married,379745,Owner,No
67122,Yes,9,Single,361896,Renter,Yes
98290,No,8,Widowed,342020,Renter,Yes
38151,Yes,11,Married,150000,Renter,Yes
140704,No,8,Married,485754,Renter,Yes
72334,No,20,Single,279136,Owner,No
59063,No,12,Married,290388,Owner,No
151661,Yes,10,Married,501340,Owner,Yes
52965,Yes,15,Married,150000,Owner,No
34714,Yes,8,Married,162340,Renter,No
31761,Yes,6,Single,150000,Owner,No
116262,Yes,9,Married,385109,Renter,No
37486,No,1,Married,150000,Owner,No
231625,Yes,8,Single,807205,Owner,No
23175,Yes,7,Married,150000,Owner,No
223658,No,10,Married,748621,Renter,Yes
91730,No,14,Single,307368,Renter,No
76265,No,11,Married,266213,Renter,No
58281,Yes,4,Single,211463,Owner,No
102691,No,13,Divorced,364309,Renter,No
79017,Yes,20,Married,298359,Owner,No
156683,Yes,14,Single,590582,Owner,Yes
86555,No,2,Married,322574,Renter,No
88448,Yes,11,Married,332247,Owner,No
64979,No,3,Divorced,150000,Renter,No
78106,No,6,Divorced,275882,Owner,No
97215,Yes,9,Married,364227,Owner,No
28966,No,9,Single,150000,Renter,Yes
35993,Yes,14,Divorced,150000,Owner,No
126242,No,20,Widowed,408895,Renter,No
89547,No,10,Single,284709,Owner,No
72374,No,5,Married,280129,Owner,Yes
81720,No,1,Married,337714,Owner,No
99563,Yes,17,Widowed,328097,Owner,No
58462,No,7,Married,250015,Owner,No
50666,Yes,7,Single,183504,Owner,No
90899,No,7,Married,311932,Renter,No
44935,No,10,Married,150000,Owner,Yes
103254,Yes,10,Married,398719,Owner,Yes
29098,No,6,Widowed,150000,Owner,No
149865,Yes,7,Married,638318,Owner,No
107318,No,5,Single,333001,Renter,Yes
94241,No,4,Married,355748,Renter,Yes
145745,No,4,Married,483647,Owner,Yes
219538,No,7,Married,724918,Renter,No
148541,Yes,4,Single,519350,Owner,Yes
26781,Yes,1,Married,150000,Owner,No
37505,Yes,5,Married,277176,Renter,No
55553,Yes,3,Married,185228,Owner,Yes
82096,Yes,8,Married,230827,Renter,No
110259,No,4,Widowed,399557,Renter,Yes
52289,No,10,Divorced,150000,Owner,No
90405,No,3,Married,311819,Renter,Yes
51367,Yes,2,Single,180585,Renter,No
55999,No,7,Divorced,235726,Owner,No
34752,No,5,Married,170313,Owner,Yes
46446,Yes,2,Single,150000,Owner,Yes
35917,No,12,Divorced,150000,Renter,No
45002,No,3,Married,150000,Renter,Yes
152083,Yes,4,Married,475887,Owner,No
45723,No,14,Widowed,175525,Owner,No
392161,No,10,Single,1308884,Owner,No
108661,Yes,3,Married,359582,Owner,No
90300,No,6,Married,266291,Owner,No
48290,No,3,Married,196499,Owner,No
123030,No,13,Single,520676,Owner,No
57217,No,13,Single,150000,Owner,Yes
86960,No,22,Widowed,211709,Owner,Yes
375513,No,27,Married,1308051,Owner,No
76295,No,4,Single,267817,Renter,No
161065,Yes,12,Single,574660,Owner,No
53002,No,1,Married,163190,Owner,Yes
79142,No,8,Married,266965,Owner,No
233860,No,10,Widowed,836885,Owner,Yes
55482,Yes,3,Divorced,246208,Owner,Yes
239778,No,4,Single,741470,Owner,No
123580,Yes,13,Single,414083,Owner,Yes
57671,Yes,10,Married,212538,Renter,No
118118,Yes,20,Single,367514,Renter,Yes
144861,Yes,19,Single,593571,Renter,No
117369,No,2,Single,379021,Renter,No
31503,No,5,Widowed,150000,Renter,Yes
52245,Yes,3,Single,210658,Owner,Yes
69667,No,12,Married,214270,Owner,No
77291,No,9,Single,178189,Owner,No
117289,No,3,Married,389078,Owner,No
89915,Yes,4,Married,366174,Renter,Yes
36271,No,16,Married,150000,Owner,No
101530,No,5,Married,313033,Owner,No
116582,No,1,Single,454320,Owner,No
113082,Yes,3,Single,379248,Owner,No
154580,Yes,23,Single,515521,Renter,Yes
133299,No,14,Single,474019,Renter,Yes
106458,No,3,Married,411140,Owner,No
77489,No,8,Single,390297,Renter,No
29834,No,13,Married,150000,Owner,Yes
104586,Yes,2,Married,424042,Renter,No
91547,No,14,Single,295116,Owner,Yes
95125,No,10,Married,281644,Owner,Yes
37569,Yes,4,Married,150000,Owner,Yes
42250,No,11,Single,153233,Renter,Yes
152038,No,9,Single,478207,Renter,No
78926,Yes,9,Married,267476,Owner,No
121649,No,8,Widowed,445737,Owner,Yes
82206,Yes,4,Single,305740,Renter,Yes
82277,No,4,Divorced,313183,Owner,No
141913,No,6,Married,511243,Owner,Yes
59300,No,7,Single,182199,Owner,No
85619,No,11,Divorced,273971,Owner,Yes
61244,Yes,23,Single,154406,Renter,No
62274,No,8,Single,307197,Renter,Yes
67137,No,11,Married,235652,Owner,Yes
92344,Yes,13,Married,311961,Owner,Yes
60642,No,12,Married,165807,Renter,Yes
171691,No,3,Married,747701,Owner,No
47251,Yes,17,Divorced,150000,Renter,No
72249,No,15,Married,231429,Owner,Yes
62078,No,8,Widowed,238064,Owner,Yes
192564,Yes,4,Widowed,703984,Renter,No
90937,No,7,Married,366176,Renter,No
150107,Yes,2,Married,615754,Owner,No
33145,Yes,18,Divorced,150000,Renter,No
94866,Yes,4,Widowed,279229,Owner,No
137830,No,6,Married,469557,Owner,No
84911,No,18,Married,312580,Renter,No
153167,Yes,16,Single,639495,Renter,No
59256,No,9,Single,150000,Owner,Yes
188265,No,20,Married,719056,Owner,Yes
321045,Yes,3,Single,1132653,Owner,Yes
65010,No,9,Married,269426,Owner,No
61864,No,3,Married,211424,Owner,No
193306,No,15,Married,634449,Renter,No
208510,No,14,Married,767328,Owner,Yes
59058,No,21,Married,239424,Renter,No
62811,No,7,Single,268441,Owner,No
68249,No,25,Married,238206,Owner,Yes
36074,No,3,Married,150000,Owner,No
46574,Yes,7,Married,150000,Owner,No
44245,No,3,Widowed,195826,Owner,No
50986,No,8,Married,199645,Renter,No
79157,Yes,4,Married,228760,Owner,No
93016,Yes,15,Single,298627,Renter,No
204904,No,10,Widowed,693826,Owner,No
44399,No,3,Married,150000,Renter,No
145887,No,12,Single,469720,Owner,Yes
71083,No,19,Single,192098,Renter,No
78458,Yes,11,Single,253979,Owner,Yes
121162,No,2,Married,387132,Renter,No
41207,Yes,6,Single,150000,Renter,No
101665,No,12,Married,456957,Owner,No
89310,No,6,Single,375212,Owner,No
108604,No,3,Single,341163,Owner,Yes
96134,No,16,Married,350090,Renter,Yes
352631,Yes,6,Divorced,1255081,Owner,Yes
55124,No,19,Married,252488,Owner,Yes
58770,No,5,Divorced,164764,Owner,No
55609,No,6,Married,249236,Owner,Yes
57913,Yes,5,Married,175300,Renter,No
55136,No,6,Married,150000,Owner,No
164952,No,10,Widowed,613538,Owner,No
189529,Yes,3,Married,727889,Renter,No
57385,Yes,3,Married,330242,Owner,Yes
49049,No,2,Married,150000,Renter,Yes
107242,No,2,Single,410292,Owner,No
58027,Yes,2,Single,182604,Owner,No
118155,Yes,5,Married,452710,Owner,No
91286,Yes,8,Married,245976,Renter,No
32550,Yes,9,Married,150000,Owner,Yes
204536,No,8,Married,677082,Owner,No
237405,No,18,Married,834865,Owner,No
55956,No,22,Single,163791,Owner,Yes
64047,No,6,Married,257117,Renter,Yes
95943,Yes,3,Married,387145,Owner,Yes
98782,No,26,Married,375715,Renter,Yes
119985,No,15,Widowed,500886,Owner,No
269985,No,15,Widowed,965738,Renter,Yes
72680,No,5,Single,193535,Owner,Yes
50062,Yes,13,Married,243385,Owner,Yes
35327,No,8,Married,150000,Owner,No
52127,Yes,7,Married,227965,Renter,No
79231,No,7,Married,355995,Owner,Yes
237217,Yes,10,Single,853093,Renter,Yes
59244,Yes,18,Single,150000,Renter,Yes
92436,No,27,Divorced,277615,Owner,No
80029,Yes,5,Divorced,346238,Owner,Yes
164890,No,8,Married,568658,Owner,No
368118,Yes,7,Single,1292391,Owner,No
58775,No,10,Married,243653,Renter,No
60254,No,6,Married,245705,Renter,Yes
151220,No,4,Single,543209,Owner,No
121678,Yes,5,Married,415439,Owner,No
244757,Yes,5,Married,841016,Owner,Yes
114732,Yes,6,Married,444456,Owner,No
65148,Yes,2,Single,255696,Renter,Yes
115196,No,5,Single,390320,Owner,Yes
157191,No,10,Married,604274,Renter,Yes
132228,No,10,Single,456346,Owner,No
109574,No,9,Married,340925,Owner,No
153277,No,17,Married,498520,Owner,No
163011,No,10,Single,521601,Owner,Yes
185219,Yes,17,Single,634645,Owner,No
119279,No,27,Widowed,479162,Renter,Yes
73110,No,13,Married,215630,Renter,No
88258,No,2,Single,318326,Owner,Yes
166692,Yes,9,Single,550587,Owner,Yes
49505,No,8,Divorced,160252,Owner,No
100831,No,19,Married,277406,Renter,Yes
63831,No,7,Single,212381,Owner,No
82227,No,4,Single,278109,Renter,No
174045,Yes,5,Married,636171,Owner,No
90640,No,3,Married,328404,Owner,No
83105,Yes,24,Married,230947,Renter,No
35742,No,7,Single,179306,Owner,Yes
126468,Yes,3,Divorced,453153,Owner,No
119049,No,20,Single,426591,Owner,No
295952,No,23,Single,1035372,Owner,Yes
67193,Yes,8,Single,209287,Owner,Yes
92179,No,2,Married,333516,Renter,No
93866,Yes,5,Married,352310,Renter,No
208245,No,6,Single,641512,Owner,No
76330,No,7,Married,240216,Renter,Yes
95550,No,3,Married,321677,Owner,No
116394,Yes,14,Single,420187,Owner,Yes
90396,No,1,Married,376051,Owner,No
61829,No,15,Married,177814,Owner,No
90803,Yes,17,Married,292912,Owner,Yes
153918,No,5,Married,513086,Renter,No
43655,Yes,7,Divorced,150000,Owner,No
87533,No,19,Divorced,289006,Owner,No
53099,Yes,11,Single,224386,Owner,No
165549,No,6,Married,526729,Renter,No
32405,No,6,Single,150000,Renter,No
57794,Yes,10,Single,150000,Owner,Yes
101349,Yes,23,Single,326654,Owner,Yes
206760,Yes,6,Married,707185,Owner,Yes
77695,No,5,Single,355675,Owner,No
57923,Yes,7,Divorced,188990,Owner,No
249869,No,7,Single,764479,Owner,Yes
33900,Yes,9,Single,150000,Owner,No
21605,Yes,7,Married,150000,Owner,No
105241,No,16,Single,399032,Owner,No
59800,Yes,4,Married,228072,Renter,Yes
43794,No,10,Single,161657,Renter,No
123625,No,10,Married,490800,Owner,Yes
93552,No,4,Married,300452,Owner,Yes
57615,No,10,Married,246398,Owner,No
37489,No,10,Single,150000,Owner,Yes
136417,Yes,1,Married,432212,Renter,Yes
119386,Yes,3,Single,327498,Owner,No
76152,Yes,20,Single,252789,Renter,Yes
244747,No,5,Married,854301,Renter,No
42529,Yes,3,Married,154556,Owner,Yes
32360,No,1,Married,150000,Owner,No
53362,No,3,Divorced,150000,Owner,Yes
78640,No,7,Single,265727,Owner,Yes
93526,No,3,Married,252468,Owner,No
69930,Yes,11,Married,312916,Owner,No
99830,No,4,Single,334223,Renter,No
38142,No,9,Divorced,150000,Owner,No
192193,Yes,18,Single,752122,Owner,Yes
76934,Yes,17,Single,207156,Owner,No
158004,No,9,Married,496734,Renter,No
99273,No,3,Married,292644,Owner,No
106303,No,7,Married,368666,Renter,Yes
113761,No,9,Married,419745,Owner,No
105728,No,30,Married,407031,Owner,No
118851,No,1,Married,544578,Owner,Yes
179421,No,7,Married,515501,Owner,No
90936,Yes,11,Divorced,348712,Renter,Yes
123673,No,8,Single,404998,Owner,No
76585,No,8,Divorced,238726,Renter,No
191773,No,4,Single,640216,Owner,No
53861,No,13,Married,150000,Owner,No
238128,No,7,Single,917674,Owner,Yes
78897,No,8,Married,318254,Owner,No
34253,No,14,Single,150000,Renter,No
87278,No,6,Married,373023,Renter,Yes
53710,No,16,Widowed,150000,Owner,No
133838,Yes,3,Married,401897,Owner,No
54634,No,9,Married,150000,Owner,Yes
61839,Yes,4,Divorced,181465,Owner,Yes
26011,Yes,3,Married,150000,Owner,Yes
61612,No,23,Single,220784,Owner,No
18876,No,3,Single,150000,Owner,No
31246,No,8,Divorced,150000,Owner,No
127548,No,2,Widowed,486575,Owner,No
129505,No,16,Widowed,465248,Owner,No
104325,No,5,Married,401790,Owner,No
45243,No,14,Single,150000,Owner,Yes
78540,Yes,11,Single,290464,Renter,No
80647,Yes,28,Single,222876,Owner,No
40335,Yes,2,Married,150000,Owner,No
199194,No,3,Single,723897,Owner,No
136819,Yes,14,Widowed,483421,Owner,Yes
70786,Yes,9,Divorced,205174,Renter,No
82135,Yes,6,Married,287786,Owner,Yes
91585,No,24,Married,243970,Renter,No
23741,Yes,7,Married,150000,Renter,Yes
69681,No,4,Single,233619,Owner,No
53680,Yes,14,Single,243807,Owner,Yes
44312,No,7,Married,150000,Renter,Yes
68277,Yes,8,Married,212790,Owner,Yes
237663,Yes,11,Married,793611,Owner,Yes
118717,No,12,Married,459318,Owner,Yes
57370,Yes,3,Divorced,165323,Owner,No
113953,Yes,6,Single,431065,Owner,No
